step,gripper_norm,block_x,block_z,ee_z
0,0.001290124168932438,0.6,0.2849045486152053,0.25692947615027273
1,0.003196527107924223,0.6,0.28490462996410054,0.2518676289432634
2,0.002079222010999918,0.6,0.2849046537789269,0.22370885108417254
3,0.0,0.6,0.2849046598325226,0.20000285692487302
4,0.0,0.6,0.2849046613712183,0.22618497980605867
5,0.0,0.6,0.28490466176232226,0.3151796455656795
6,0.0,0.6,0.2849046618617326,0.44310754717896755
7,0.0,0.6,0.28490466188700053,0.5681910998614277
8,0.0,0.6,0.2849046618934232,0.682199748870157
9,0.0,0.6,0.2849046618950556,0.7755005397472491
10,0.0,0.6,0.2849046618954708,0.8396906986379833
11,0.0,0.6,0.28490466189557623,0.8649623799108463
12,0.0,0.6,0.28490466189560304,0.8624830422010272
13,0.0,0.6,0.2849046618956097,0.8335117933700469
14,0.0,0.6,0.2849046618956112,0.7885356134737247
15,0.0,0.6,0.2849046618956112,0.7327930053655335
16,0.0,0.6,0.2849046618956112,0.6767225454042419
17,0.0,0.6,0.2849046618956112,0.6070728887564432
18,0.0,0.6,0.2849046618956112,0.5249123375020806
19,0.0,0.6,0.2849046618956112,0.42870796729749155
20,0.00014338023698329928,0.6,0.2849046618956112,0.4290947103727001
21,0.0,0.6,0.2849046618956112,0.4293193377343888
22,0.0,0.6,0.2849046618956112,0.4275799389801314
23,0.0015889223851561548,0.6,0.2849046618956112,0.42632225218135267
24,0.0005700645664930343,0.6,0.2849046618956112,0.4267184899855428
25,0.00048782652533054357,0.6,0.2849046618956112,0.42469681588277935
26,0.0,0.6,0.2849046618956112,0.42476859970598346
27,0.0,0.6,0.2849046618956112,0.42206652676028306
28,0.0,0.6,0.2849046618956112,0.42488258147378816
29,0.0,0.6,0.2849046618956112,0.4278344044375896
30,0.0,0.6,0.2849046618956112,0.4277851497295745
31,0.0,0.6,0.2849046618956112,0.4266791270182394
32,0.0,0.6,0.2849046618956112,0.4267671708031041
33,0.0,0.6,0.2849046618956112,0.425702719297582
34,0.0,0.6,0.2849046618956112,0.4268014466694495
35,0.0010637311846017838,0.6,0.2849046618956112,0.42575848237578046
36,0.0,0.6,0.2849046618956112,0.4252785959357293
37,0.0,0.6,0.2849046618956112,0.4244977009386076
38,0.0,0.6,0.2849046618956112,0.4252868662043231
39,0.0,0.6,0.2849046618956112,0.4270459873133131
40,0.0,0.6,0.2849046618956112,0.4275940779128293
41,0.0,0.6,0.2849046618956112,0.42859960900497734
42,0.0,0.6,0.2849046618956112,0.427982789909292
43,0.0,0.6,0.2849046618956112,0.42926862512824504
44,0.0,0.6,0.2849046618956112,0.42805285208688104
45,0.0,0.6,0.2849046618956112,0.4282749269227979
46,0.0,0.6,0.2849046618956112,0.4275663489302866
47,0.0,0.6,0.2849046618956112,0.42864239398938575
48,0.0,0.6,0.2849046618956112,0.42832685880225807
49,0.0,0.6,0.2849046618956112,0.42710963537050123
50,0.0,0.6,0.2849046618956112,0.4283962286187189
51,0.0,0.6,0.2849046618956112,0.42784811347091495
52,0.0,0.6,0.2849046618956112,0.4296376062880684
53,0.0,0.6,0.2849046618956112,0.42844161413843723
54,0.0010264261021614076,0.6,0.2849046618956112,0.4279347573615269
55,0.0,0.6,0.2849046618956112,0.42782742219340225
56,0.0,0.6,0.2849046618956112,0.42808168639609984
57,0.0,0.6,0.2849046618956112,0.4287305530700979
58,0.0,0.6,0.2849046618956112,0.4279421891694531
59,0.001539519967675209,0.6,0.2849046618956112,0.429184917020503
60,0.0,0.6,0.2849046618956112,0.4265006649801481
61,0.0003240655564069748,0.6,0.2849046618956112,0.4275518846306765
62,0.0,0.6,0.2849046618956112,0.4274284559137725
63,0.0,0.6,0.2849046618956112,0.425871154796698
64,0.0,0.6,0.2849046618956112,0.42598649945426204
65,0.0,0.6,0.2849046618956112,0.4269420220948402
66,0.0,0.6,0.2849046618956112,0.4272929500870584
67,0.00030392319560050964,0.6,0.2849046618956112,0.42725796937339344
68,0.0,0.6,0.2849046618956112,0.42581263391408275
69,0.0,0.6,0.2849046618956112,0.42467734085149567
70,0.0,0.6,0.2849046618956112,0.4280731438368081
71,0.0,0.6,0.2849046618956112,0.4283304397881389
72,0.0,0.6,0.2849046618956112,0.42845096338179006
73,0.0,0.6,0.2849046618956112,0.42852519396560296
74,0.0,0.6,0.2849046618956112,0.42720727340043313
75,0.0,0.6,0.2849046618956112,0.42789217217038145
76,0.0,0.6,0.2849046618956112,0.42767917660070803
77,0.0,0.6,0.2849046618956112,0.42840624125643917
78,0.0,0.6,0.2849046618956112,0.42825416951277206
79,0.0,0.6,0.2849046618956112,0.428016352772579
80,0.0,0.6,0.2849046618956112,0.4278315550847025
81,0.0,0.6,0.2849046618956112,0.42730322601324616
82,0.0,0.6,0.2849046618956112,0.42710036582705285
83,0.0,0.6,0.2849046618956112,0.42740901439459295
84,0.0,0.6,0.2849046618956112,0.4271002251411254
85,0.0,0.6,0.2849046618956112,0.4283661930832003
86,0.0,0.6,0.2849046618956112,0.42748271292703427
87,0.0,0.6,0.2849046618956112,0.4269297908019422
88,0.0,0.6,0.2849046618956112,0.427123261352083
89,0.0,0.6,0.2849046618956112,0.42604870220249064
90,0.0,0.6,0.2849046618956112,0.4266283060787359
91,0.0,0.6,0.2849046618956112,0.4275105557125583
92,0.0,0.6,0.2849046618956112,0.427998037297075
93,0.0,0.6,0.2849046618956112,0.428306568610226
94,0.0002480847575068474,0.6,0.2849046618956112,0.42825743120797877
95,0.0,0.6,0.2849046618956112,0.42696333548507626
96,0.0,0.6,0.2849046618956112,0.42701284791924804
97,0.0,0.6,0.2849046618956112,0.42735709261738974
98,0.0,0.6,0.2849046618956112,0.42723729889441625
99,0.0,0.6,0.2849046618956112,0.4269512104179814
100,0.0,0.6,0.2849046618956112,0.4296602766836441
101,0.0,0.6,0.2849046618956112,0.4298297124940507
102,0.0,0.6,0.2849046618956112,0.4276158130545614
103,0.0,0.6,0.2849046618956112,0.4268716842052045
104,0.0,0.6,0.2849046618956112,0.42438168029946194
105,0.0,0.6,0.2849046618956112,0.40932369634784205
106,0.0,0.6,0.2849046618956112,0.40331755509172174
107,0.00025338851523399355,0.6,0.2849046618956112,0.3949404497923862
108,0.0,0.6,0.2849046618956112,0.38493653754268753
109,0.0,0.6,0.2849046618956112,0.37499270050233896
110,0.006399728607594967,0.6,0.2849046618956112,0.3500683487887081
111,0.003709084638386965,0.6,0.2849046618956112,0.3347986796784142
112,0.0003913458089232445,0.6,0.2849046618956112,0.33090366074983635
113,0.0,0.6,0.2849046618956112,0.3219798706868787
114,0.0,0.6000787374328894,0.28498120793762244,0.31375218179162745
115,0.0,0.6007929837456912,0.2850186570888941,0.3069131698038435
116,0.0,0.6028900248512499,0.28485421287796525,0.30044005633638743
117,0.0,0.6036265726868734,0.2848590258199085,0.29834944157291265
118,0.0,0.6046300705160472,0.28495786131874784,0.2937038866462443
119,0.0,0.605014553656479,0.28496304316809257,0.29274545478245695
120,0.0017180599468946457,0.611299164796549,0.28495900770842275,0.2920045179257714
121,0.0,0.6112257584607222,0.28497273779452054,0.28740965666693646
122,0.0,0.6112062954463102,0.2849293406067611,0.28712352686089426
123,0.0,0.611317984395683,0.28493532072792327,0.28653810584532674
124,0.0007890680456757546,0.6113171150497366,0.2849124773116552,0.2859198571717472
125,0.0,0.6113164917650268,0.2849066543477642,0.28550148498803657
126,0.0,0.6113160510794325,0.2849051711296673,0.28491588820650127
127,0.0,0.6113157396002042,0.28490479272160163,0.2843108475485104
128,0.0,0.6113155194619834,0.2849046958429866,0.2839768507320908
129,0.0,0.6113153638815664,0.28490467087112936,0.28383639100303754
130,0.0,0.6113152539269293,0.2849046643502401,0.29019270107221967
131,0.0,0.6115569005746749,0.2849821212789731,0.28772873629479834
132,0.0,0.6115655658464086,0.2849277080708789,0.2875009082798481
133,0.0,0.6115677172117316,0.28491052724987775,0.28718279142901737
134,0.0,0.6115692402167114,0.2849061542758818,0.28568717752796313
135,0.0,0.6115703169776661,0.2849050418656013,0.28521479808783906
136,0.0,0.6115710780374874,0.2849047587874313,0.284674006430179
137,0.0,0.6115716159208449,0.28490468667865904,0.2848339014530491
138,0.0,0.6115719960663987,0.284904668272443,0.28382930042896287
139,0.0,0.6115722647306692,0.28490466355518024,0.28381006034383544
140,0.0,0.6132044192741029,0.28395009050139175,0.30914090318801135
141,0.0008133223085403443,0.6132671646568528,0.28448196528045433,0.29814248632640905
142,0.0,0.6132644409006951,0.28479931849684065,0.29608975061224035
143,0.0,0.6132626312297633,0.284878005082909,0.28982901162439906
144,0.0011501407206058502,0.6132613637498913,0.2848978964505898,0.2895514245605848
145,0.0,0.6132604696652506,0.28490294425875384,0.2889609367584335
146,0.0,0.6132598380724481,0.2849042261015009,0.28782451140814636
147,0.0,0.6132593917542593,0.2849045515077592,0.28733078708488446
148,0.0,0.6132590763336767,0.2849046340269997,0.28649951215152664
149,0.0,0.6132588534154739,0.28490465490663974,0.285871095462976
150,0.0,0.6132586958707691,0.2849046601664262,0.2862351130932263
151,0.0007904982724785805,0.6132585845277733,0.2849046614796958,0.2852970349225693
152,0.001530908810466528,0.6132585058372819,0.2849046618016859,0.2849577900689353
153,0.0,0.6132584502235924,0.2849046618776273,0.2848005156589413
154,0.0015072206790447235,0.6132584109191908,0.2849046618939823,0.2846195229331918
155,0.0007660652312636376,0.6132583831412085,0.2849046618966671,0.2842209607690248
156,0.0,0.6132583635094049,0.2849046618966142,0.2840982256077665
157,0.0,0.6132583496348298,0.2849046618962333,0.2838894605860808
158,0.0,0.6132583398291163,0.2849046618959531,0.28363539315182723
159,0.0,0.6132583328990285,0.2849046618957902,0.28360868251949795
160,0.0,0.61325832800126,0.28490466189570296,0.2844559720776604
161,0.0,0.6132583245398124,0.284904661895658,0.2837480049847269
162,0.0,0.61325832209347,0.2849046618956351,0.2835152094512738
163,0.0019234762714505197,0.613258320364542,0.28490466189562363,0.2831777341550007
164,0.0,0.6132583191426403,0.2849046618956178,0.2827742251735745
165,0.0,0.6132583182790737,0.28490466189561503,0.2825512018736833
166,0.0,0.6132583176687567,0.28490466189561386,0.28219349115226233
167,0.0,0.6132583172374212,0.28490466189561353,0.2822945914346918
168,0.0,0.6132583169325794,0.28490466189561336,0.281842740875736
169,0.0,0.6132583167171356,0.2849046618956133,0.28152167900516634
170,0.0,0.622842654586048,0.28505713038675357,0.28195219301506996
171,0.0,0.6246654179085481,0.28491039497185217,0.28124384310304856
172,0.0,0.6246609967475114,0.284906137590031,0.2812313068124549
173,0.0,0.6246577866083514,0.2849050450081259,0.2808738432829961
174,0.0,0.6246555178008153,0.28490476329283176,0.2804376781772514
175,0.0,0.6246539143587921,0.28490468967758326,0.2805371402265463
176,0.0,0.6246527811542559,0.2849046699609148,0.2805636128418921
177,0.0,0.6246519802788725,0.28490466444701573,0.28046652919552606
178,0.0,0.6246514142704912,0.28490466279455695,0.2805773224780194
179,0.0,0.6246510142506453,0.28490466224919164,0.2801728801445121
180,0.0,0.6250624051356044,0.2850060594779373,0.2849413838695727
181,0.0,0.6253633435897793,0.28493993925796235,0.2836760804805758
182,0.0,0.6253648111334149,0.2849136426536828,0.28385162766626515
183,0.0,0.6253658357368289,0.2849069459080013,0.2837256875241574
184,0.0,0.6253665602674435,0.2849052427731264,0.28356348321438063
185,0.0,0.6253670723961492,0.2849048096871433,0.2831335862050809
186,0.0,0.6253674343510931,0.2849046995321651,0.28299049980432234
187,0.0,0.6253676901613647,0.284904671497455,0.2830567926893115
188,0.0,0.6253678709530495,0.28490466435388906,0.2819836501025573
189,0.0,0.6253679987257841,0.28490466252929064,0.28215600901384363
190,0.0,0.6262261751926369,0.28499902397478744,0.28647647961101014
191,0.0,0.6265737651485302,0.2849211555747041,0.2853271460460195
192,0.0,0.6265755026951166,0.2849088575636488,0.28567127254885144
193,0.0,0.6265767191773916,0.2849057292752331,0.28499536756384336
194,0.0006185134994387627,0.6265775791375299,0.2849049335997358,0.28460309665918504
195,0.0,0.6265781869458524,0.2849047311523414,0.28426659015247574
196,0.0,0.6265786165151688,0.2849046795965402,0.2839906972183381
197,0.0001287204122543335,0.6265789201100537,0.2849046664434211,0.2835085774288011
198,0.0,0.6265791346728062,0.2849046630758473,0.28334082418574297
199,0.0,0.626579286312854,0.2849046622077296,0.28300384819060975
200,0.0,0.6264479029184989,0.2848662237328832,0.2830836939457813
201,0.0,0.625886244663952,0.2847982987968073,0.28176913172928064
202,9.84472782611847e-05,0.6253422124569357,0.2849630983081469,0.2818424075581722
203,0.9989887503615619,0.6233777143978948,0.2852371483019764,0.2825934654316966
204,1.0,0.6244936391578823,0.285770763051478,0.2831413459733527
205,1.0,0.625174912215509,0.28623551277303066,0.28370868295231294
206,1.0,0.6257672847411748,0.2867219000703701,0.28428011025869904
207,1.0,0.6262630814873809,0.2872062615453367,0.2848519707183128
208,1.0,0.6266100963046988,0.2876689104240211,0.2854231175540167
209,1.0,0.6268716515620689,0.288124093021604,0.285989999538374
210,1.0,0.6270762802770923,0.2885831710892739,0.28655235357203174
211,1.0,0.6345130352531926,0.3119456028091687,0.311033400043709
212,1.0,0.6322113026285432,0.3343781267197441,0.33338799127683594
213,1.0,0.6331771851854727,0.3460586609299038,0.34508704073137275
214,1.0,0.6325286107012307,0.35865252545815485,0.3576689981698506
215,1.0,0.6338672811409967,0.36197832635923155,0.361084164353331
216,1.0,0.633907640564737,0.36489533498460514,0.36406937761560576
217,1.0,0.634341377853773,0.3668878696970424,0.36617991817409445
218,1.0,0.6350828776307559,0.3710733066738165,0.37040909257072885
219,1.0,0.6342754997657465,0.3671288139085433,0.36663592459664185
220,1.0,0.6261408685079402,0.3722545887333596,0.37207464226884124
221,1.0,0.6248210412109411,0.3699134073651336,0.36987824243273504
222,1.0,0.6263143933268006,0.37210794335415404,0.37215369786119845
223,0.9997284159897566,0.6267668158278225,0.37178058126114705,0.3719450929481984
224,1.0,0.6261299043978883,0.3728829959369381,0.37315000740785437
225,0.9992117465572358,0.6251844891437274,0.37208493126671355,0.3724653769042025
226,0.9998588049999476,0.6244566560507026,0.3713678272162234,0.3718705338710451
227,1.0,0.625856163778122,0.3730843068644044,0.37367609225189885
228,1.0,0.6268784952245283,0.3743381387105836,0.37500866037433966
229,1.0,0.627553603888337,0.3708155419575845,0.3716345996395096
230,1.0,0.624488120630149,0.36678370778656233,0.367837198297687
231,1.0,0.6248938912874239,0.3718785597132374,0.37306464507202686
232,1.0,0.6254792486645218,0.3721386388193841,0.37344956589323697
233,1.0,0.6254915574636691,0.3734248439025466,0.3748207743064199
234,1.0,0.6256071433410185,0.3734640967127467,0.3749622586926724
235,1.0,0.6256781131387494,0.3730567087401818,0.37467842506761134
236,1.0,0.6253792188412552,0.373127302047635,0.3748133804684688
237,0.9995542858765126,0.6261642652835943,0.37289525668500134,0.374640380473472
238,1.0,0.6252799209937131,0.37315897539742093,0.3750118527554195
239,1.0,0.6256807845852226,0.37538170343805805,0.377320543659736
240,1.0,0.6274775857757113,0.3686051214343357,0.37115509479440795
241,1.0,0.6263578395047975,0.36679672138697345,0.3695063565668064
242,1.0,0.6267894909517635,0.36873971329886696,0.37152717555646847
243,1.0,0.6256671801713843,0.3676794720107515,0.3706017257257647
244,1.0,0.6268396799507476,0.36890025821609695,0.3719039280273922
245,1.0,0.6248384444688347,0.3680377263256456,0.371145693147244
246,1.0,0.6265243129530259,0.36897557393836056,0.3721840916002798
247,1.0,0.62705641860306,0.368317328633443,0.37161432812518524
248,1.0,0.6274720410240519,0.3672253808060535,0.37062682161315774
249,1.0,0.6277971505520976,0.36626770016402,0.36984215261682873
250,1.0,0.6358774363497669,0.35518742367419853,0.358670102286632
251,1.0,0.6403033728896694,0.3673702856621283,0.37085586877086363
252,1.0,0.6390287051168081,0.36656853718194743,0.3701744641205499
253,1.0,0.6417136082211427,0.3707607167998529,0.37440717549818686
254,1.0,0.6403148205798663,0.36988916962235335,0.37365491590654204
255,1.0,0.6407579414618907,0.371960421541413,0.3758064306659691
256,1.0,0.6400719645154181,0.3714290294889394,0.3754062757979554
257,1.0,0.6390975636190205,0.36995026115834445,0.37405768614747326
258,1.0,0.640604515024895,0.3717837580005804,0.37596875946094815
259,1.0,0.6408488998735666,0.37156286952458156,0.37585018107321955
260,1.0,0.6401319932853183,0.36535728989153,0.36976739369589545
261,1.0,0.638833798419824,0.36664480800834587,0.3711516134064845
262,1.0,0.6370566452525102,0.36514987126883114,0.36979414553355877
263,1.0,0.6365210536584555,0.36741597839465506,0.3721511123494479
264,1.0,0.6361724020224054,0.36751416707491064,0.3723600486218996
265,1.0,0.6351100703937514,0.367443160464133,0.3723884416269316
266,1.0,0.6356489835946163,0.36576425573969124,0.37084522536061043
267,1.0,0.6357245554939807,0.3665238193249567,0.37171145050256293
268,1.0,0.6380483152822798,0.3672365492151754,0.37250234039379926
269,1.0,0.6378503211799277,0.36645934437275834,0.3718473225809615
270,1.0,0.6305854604408186,0.37026275865623065,0.3758211370232173
271,1.0,0.629399832635595,0.36751832530477296,0.3732239639005755
272,0.9995924848507047,0.6283246218761026,0.3675151449603339,0.37333872824401576
273,1.0,0.6290347404587652,0.36840061725654033,0.374306299718887
274,1.0,0.6275840739269342,0.3682789864323182,0.3743124952017643
275,1.0,0.6272316557194408,0.3686294371981113,0.3747512678280813
276,0.9996060720053316,0.6266309275206279,0.36787302107757786,0.37412226614162025
277,0.9995567291806341,0.6273382767008538,0.3682592587379854,0.37458077622988667
278,1.0,0.6267415381564467,0.36678952080649246,0.3732304226406815
279,0.9994801524538994,0.6272564089700361,0.36474027234576883,0.3713235441967592
280,1.0,0.6303320784497889,0.36526550781888206,0.3719583574838381
281,1.0,0.6298280737602029,0.36543585720867244,0.37225174580955217
282,1.0,0.6280399328365294,0.36461180901994605,0.3715324119494244
283,1.0,0.6285846845742926,0.36636281177497243,0.37334631373732013
284,0.9999869294843674,0.6294730839247433,0.3663407571792353,0.37342691232908726
285,1.0,0.6290386272174475,0.36763935487609867,0.37480760251977485
286,1.0,0.6295319124708824,0.3660073530751532,0.37320776989717047
287,1.0,0.6306814548540993,0.3669569290673866,0.37426663032280055
288,1.0,0.6292412644251978,0.3662090127703535,0.37356323931645596
289,1.0,0.629780162605125,0.3674742933383759,0.37494962170521606
290,1.0,0.6253225214415413,0.35898993957917924,0.36662330499356344
291,1.0,0.6255517643356814,0.36191513510484674,0.3696438778323732
292,1.0,0.6237574630669857,0.36015955378949477,0.36802140282453744
293,1.0,0.6244778674795413,0.36155969132999244,0.36940768393338697
294,1.0,0.6235466257297967,0.3620250381931539,0.3699550327442527
295,1.0,0.6234815333235769,0.3622007283613496,0.370220535817825
296,1.0,0.6231088098326723,0.3617560054691779,0.3698882089926802
297,1.0,0.6239725924304196,0.3624298361078072,0.3706677845869886
298,1.0,0.6222068627064752,0.3606734467078392,0.36903186848465086
299,1.0,0.6226243271828077,0.3611158429431007,0.36958544315074665
300,1.0,0.6546191730854853,0.3568245488088845,0.3653405502836755
301,0.9977041683214903,0.6573832464178156,0.36165052784432866,0.3700923445238419
302,1.0,0.703124898665349,0.34336146667716383,0.35150558190232406
303,1.0,0.6967359871212658,0.3563759262358004,0.3645406521860872
304,0.998055408187151,0.7381660726831967,0.3360767130250453,0.3441394970065095
305,1.0,0.7498268153454972,0.33328738497742183,0.34153811372366316
306,1.0,0.7523091961760658,0.326210487208762,0.3346195033652089
307,0.9986530642123819,0.7627241946066646,0.32309261592610367,0.33161103067057873
308,0.9984344182898999,0.7679163060861497,0.32002325259184977,0.3286284406118778
309,1.0,0.7712816766312826,0.3152676974374296,0.3240148401938086
310,1.0,0.7641897856678723,0.3189258715967617,0.3278581549800663
311,1.0,0.7661744247933242,0.3165749198145816,0.3256280637342102
312,1.0,0.766957580368121,0.31625340437815347,0.32539298816441375
313,0.9985086113052964,0.7658471750558413,0.313843724715434,0.3231235289394603
314,1.0,0.7669580945621657,0.3154408416062878,0.32476876638811203
315,1.0,0.7660560997448399,0.31288895449718823,0.322342594361501
316,1.0,0.7669358128640895,0.3125790911381296,0.32212060248634666
317,1.0,0.7685634261969441,0.3124218014812233,0.32199315057354483
318,1.0,0.7662389068134423,0.31221087326263425,0.32193021714825043
319,1.0,0.7667309082446437,0.31191874805035563,0.3217523081964891
320,0.9983684490786195,0.7683409357027774,0.3123886424721468,0.32235886669947356
321,0.9974817680536509,0.7680842712320078,0.3112386138591265,0.321340296694421
322,0.9995734747527838,0.7668837398116118,0.30890117347041046,0.319129236690847
323,0.9988818409080505,0.7669910939273809,0.3089144404575421,0.31922801243744264
324,0.9970972754148245,0.7667402683897039,0.30902136449882334,0.3194333394798106
325,0.9993001226550937,0.7662824505981463,0.3094516088704686,0.31994299631158973
326,1.0,0.7666137856091789,0.30971242761781725,0.32041277860841744
327,1.0,0.7668408059347885,0.30947590176389794,0.32015526062413646
328,0.9995130476703644,0.7663391741866392,0.3081449429636987,0.3189325073059619
329,1.0,0.7664079134090275,0.3090332646045151,0.319926223070447
330,1.0,0.7679772032538994,0.31254654347585026,0.32353227555728326
331,1.0,0.7669127008502418,0.3112340090374437,0.32230394577956567
332,1.0,0.765913627528492,0.30941761517172406,0.3206478398315995
333,1.0,0.7670389778455725,0.31028165273373853,0.3215552267324776
334,1.0,0.7666503987387501,0.31035473437148764,0.3217147588651189
335,1.0,0.7668510303093241,0.30962796036135826,0.32109297141587484
336,1.0,0.7662610334905667,0.30972023777220153,0.3212718855823434
337,1.0,0.7666002304498437,0.3090271934903898,0.3206496314141287
338,1.0,0.7661268401929765,0.30774930074461937,0.3194967180424083
339,1.0,0.7666056648930839,0.30776391129613356,0.31957890549664836
340,1.0,0.7671677178251025,0.3090938125277257,0.3209548778689299
341,1.0,0.7668812396552613,0.30880453671068947,0.32079109828979196
342,1.0,0.766821095124643,0.30941230263757735,0.32156898943756884
343,1.0,0.7659968039424012,0.3078834340046151,0.3201457939719409
344,0.9994025626498462,0.7665505733375813,0.3080378236443583,0.3203845768465487
345,0.9988810662018657,0.7670204499180494,0.3088052863706648,0.3211431356361316
346,0.9981240590736866,0.7672481998895281,0.3084025920397396,0.3208831232850732
347,0.9991305811861754,0.7668825207053548,0.3085486580499765,0.3211153585436338
348,0.9978743057182432,0.7663062339278258,0.307879655923214,0.3204911316277444
349,0.9975429698422552,0.7663594968013393,0.30795682795597806,0.3205997751172116
350,0.9984869195321203,0.7680211511256624,0.30898340467383684,0.32167909320307564
351,1.0,0.7667454738053577,0.3073267125441076,0.32014046576319943
352,1.0,0.766210376873962,0.3079846509097682,0.32086712279669016
353,0.9991209867480397,0.766343433885332,0.30726051109418345,0.32025177109953856
354,0.9985676677536965,0.766272888679277,0.3066266363325219,0.31976955072823093
355,1.0,0.7672906811721436,0.3071029643118878,0.3203501021138358
356,0.9985258932124973,0.7677418214485136,0.30687712490405283,0.3202078089661324
357,1.0,0.7677037757747787,0.3071350308182254,0.32054073229403174
358,1.0,0.7674423210849363,0.30497963413070533,0.3184403906484301
359,1.0,0.7667287972409882,0.30451570663321803,0.318125543608321
360,1.0,0.7636359624457573,0.31116755044458255,0.32493423150934453
361,1.0,0.7650292493785966,0.310357091277161,0.3242920816081222
362,1.0,0.7666488403161467,0.30897792199049023,0.3230000648272146
363,1.0,0.7658411534027432,0.3078421924183496,0.3219820399928497
364,1.0,0.7659063435103429,0.308960786152514,0.3231837583295007
365,1.0,0.7677230380491429,0.3093468320194576,0.3236262606947546
366,0.9999847841441631,0.7667789262552335,0.30715811653606506,0.3215574167298075
367,0.9990175932687522,0.7665659589048743,0.30712514647102906,0.32162332095401364
368,1.0,0.7663885688870217,0.3064359186504464,0.3210281530557427
369,1.0,0.7658146009534965,0.3057687737794803,0.32048003511513823
370,1.0,0.7675768637840137,0.3069806000909611,0.32184689627354285
371,1.0,0.7668503481143438,0.3046990048104599,0.31969432084022337
372,0.9998969443813563,0.7665807230072876,0.3048121643202029,0.3198907094996165
373,0.9991623441397548,0.7663132482422034,0.30414816515785204,0.3193474723103917
374,0.9994037545055151,0.7671974896045414,0.3046611798502881,0.3199324435029867
375,0.9988195068565607,0.76591712091431,0.3034274091308268,0.31883361425106505
376,1.0,0.7663975738181257,0.3033074666497224,0.31879208811680815
377,0.9983345407848359,0.7659729161951252,0.3028554387090921,0.31847580912695017
378,1.0,0.7669896078865668,0.3037573651259132,0.31946075886898545
379,1.0,0.7663624069379097,0.30318522967360895,0.318954686672806
380,1.0,0.7655754196431385,0.30293623895151056,0.3188816685521512
381,1.0,0.765798094390817,0.3039574577647431,0.3199539004863
382,0.9991479226861597,0.7656986718445478,0.3041021441138502,0.3201773117735417
383,0.9987409039751888,0.7656817281170692,0.30431111104541303,0.3204823104857813
384,0.9982349016509057,0.7652027416575843,0.30293055182170137,0.31921314789363525
385,0.9998267440824509,0.7648442074260868,0.30316618916958005,0.31954460925480516
386,0.9987292237896324,0.7657234842109711,0.30261938804970595,0.3191710640969038
387,0.9985373946197034,0.7655592239313623,0.3036440837757172,0.3202530464085823
388,1.0,0.7655140230918239,0.30317485895629387,0.31976404437722805
389,1.0,0.7665134155605614,0.3045605013279331,0.3212813809059033
390,0.9974101375279427,0.7685908684313422,0.3047243443367697,0.32155969043454413
391,0.9996080981599689,0.7686598206332008,0.3042692197844283,0.32117368349377623
392,1.0,0.7677254301308881,0.3028275841150027,0.3198767644664921
393,1.0,0.7668582830625132,0.30271627036178606,0.31985312331758453
394,1.0,0.7667244907119769,0.301822111457895,0.3190671151660885
395,1.0,0.7662912321846356,0.30096268555009614,0.3183053195723127
396,1.0,0.7669835144463066,0.3019409749277349,0.31934247892145246
397,1.0,0.7656248095347914,0.300670670034367,0.31819073351809407
398,1.0,0.7660222695720211,0.29925618907185514,0.3168883081229794
399,1.0,0.765455103014694,0.2997438867085717,0.31744574471643483
400,1.0,0.7677357201889662,0.3092704160237719,0.32700510429026186
401,1.0,0.7696167884325645,0.30666703925696587,0.3244926109075134
402,1.0,0.7689496538022365,0.30422303180532195,0.3221792181630622
403,1.0,0.7690910226042557,0.30445169845219516,0.3225017680485574
404,1.0,0.7682133568344591,0.3041034483940642,0.32225134329313065
405,1.0,0.7688676097641405,0.3034682604867469,0.3216978385592686
406,1.0,0.7677934716242805,0.3030305375360383,0.32136255404644404
407,1.0,0.7666502553524989,0.30242844262660135,0.32086205081920727
408,1.0,0.7671663771543301,0.30191621248466316,0.3204493300639186
409,1.0,0.7673296555784879,0.30085639476893533,0.3194780523544019
410,1.0,0.7677072658742793,0.30411669434064825,0.3227938150525292
411,1.0,0.7677369091245618,0.3020332492495973,0.320886627666327
412,1.0,0.7672807549225432,0.30140328077671547,0.3202913861780103
413,0.999847363185525,0.7672347952086889,0.3009698538037986,0.3200654469330998
414,0.9983422878466846,0.7666848179088918,0.2997024383507725,0.31888716197171063
415,1.0,0.7676530247383582,0.30078542421224624,0.32003062885662237
416,0.9991867175881863,0.7664497062806512,0.3000800588603251,0.31946252756069615
417,1.0,0.7666377908958032,0.29856718410263716,0.3180513811652002
418,1.0,0.7670890158102023,0.29923716951206397,0.31875441153500017
419,1.0,0.7667080314365562,0.2985449785517097,0.31818370423299586
420,0.9980789473366142,0.7669963536908709,0.3027556640564261,0.32237776214822034
421,1.0,0.7667110749600934,0.30062460120513645,0.3203116501023061
422,1.0,0.7667372312983084,0.30089971184797926,0.3207727750438065
423,1.0,0.7664929329808774,0.3006063298286853,0.32055197211022524
424,1.0,0.7669399306306576,0.3005819443383581,0.3206402433713752
425,1.0,0.7673066405303445,0.30028019173595777,0.32039682998721775
426,1.0,0.7670011777591992,0.29943332375360865,0.3196724547268269
427,0.9993160339282752,0.7672331704229454,0.3000609607612383,0.32037405994143525
428,1.0,0.7672700983336607,0.2981507455098408,0.31855960099066044
429,0.9990821918460131,0.7667564397838503,0.2998691978109262,0.3203490950122884
430,1.0,0.7669768260944826,0.30546136513035504,0.32578253113870215
431,1.0,0.7681417286434031,0.302243244237971,0.3226978643761419
432,1.0,0.7666842192108388,0.2992691203484216,0.3199890033020026
433,0.9979953386614323,0.766829356402479,0.29863225407226407,0.3194043715161418
434,0.9995107235518098,0.7660655168454718,0.29721131677822665,0.31816561824389455
435,0.9998775171339512,0.7664465929481084,0.29787464654323326,0.3189100721836353
436,0.9990086543512345,0.7670586925023241,0.29834081618249825,0.3193776648438227
437,0.9992865355004669,0.7670476032469321,0.2968632373853504,0.3180492262917726
438,1.0,0.7666976338998025,0.2963153413529993,0.31751788822608185
439,1.0,0.7674230300621756,0.29719653489337694,0.3185337945142893
440,0.9982728026611806,0.7655940752322018,0.2989388603786463,0.32049398786699057
441,1.0,0.7648235838587121,0.2987028184581195,0.320366246746582
442,1.0,0.765527411782864,0.29780744595470704,0.3195688720736042
443,0.9992559644025565,0.7652013091500268,0.2976286803804708,0.31945217946419335
444,0.9989991195058823,0.7652385895180642,0.2974705782132568,0.3194742117905073
445,0.9996093496084214,0.7655535226725494,0.29791458639438534,0.31988171514043234
446,0.9992727099747062,0.7661076171122128,0.2971713118254649,0.3193090800801107
447,1.0,0.7649794814741832,0.2959993102916918,0.318265725048339
448,1.0,0.7655487566142989,0.2963592258531199,0.3186886360782744
449,1.0,0.765739255480318,0.2958459276587899,0.3181828695275138
450,1.0,0.765819890018036,0.2988093998133865,0.3212217379280329
451,0.9999359180617333,0.7652995289119574,0.297994063436236,0.320487539762261
452,1.0,0.7646864125313518,0.29725440288703275,0.31989783632306135
453,1.0,0.7656428317656737,0.2966606355012388,0.3193628840620397
454,0.9994803908250333,0.7659660301707938,0.29592056854500076,0.31869272375496427
455,1.0,0.7662287450561703,0.2970442416885651,0.3198783513546915
456,0.9994527397735119,0.7655626693924062,0.2959538943791391,0.31882653737585886
457,0.9993337329849601,0.7651017512006839,0.29649973068695107,0.3194348576799387
458,0.9992724716035725,0.7652785046502119,0.2959862038900034,0.3189841710176907
459,0.9983317995167971,0.7648046465535564,0.2951947851158542,0.3179699961508878
460,0.9986092039237618,0.7673832657824882,0.2976209063561989,0.32029427911888136
461,0.9993250920313598,0.7674141590589826,0.2967736219847121,0.319508477015777
462,1.0,0.7667461973269236,0.29606816436175526,0.3189427236656403
463,1.0,0.7670476596212067,0.29711057769756055,0.32008482240254815
464,0.9998844298968316,0.7666188564627299,0.2955189425442654,0.31859479516630285
465,0.9980036816511154,0.7666595021133273,0.2953150378374818,0.31827002619898476
466,0.9985828639134765,0.7664364858575593,0.2955887343686826,0.3185522059300606
467,0.9986978183927536,0.7672201509166021,0.29572408223605673,0.31868649427503204
468,1.0,0.766615567169265,0.2954135081584055,0.318200697393263
469,0.9989390499801636,0.7675618671359248,0.2965177388681935,0.31932353321657003
470,1.0,0.7662420059349414,0.3014653103288248,0.32439235063609617
471,1.0,0.7663492280077948,0.29953341442174813,0.3225852911194368
472,1.0,0.7661553384769344,0.29686928525268147,0.3200631494609829
473,1.0,0.7659734124265822,0.2962448909718102,0.3195700716530683
474,1.0,0.7656904576338703,0.29613857285930945,0.3195180678502316
475,1.0,0.7651147908261152,0.2963774227959129,0.3198475309218819
476,0.9998810927009583,0.7656648853606415,0.2956973491872149,0.31919158298842715
477,1.0,0.7654904207214949,0.29533667931720975,0.31870542210738817
478,0.999438616283834,0.7657782262822169,0.2952659010133428,0.31851784971118463
479,1.0,0.7657847106952772,0.2949769025902416,0.3180274645303732
480,1.0,0.7667680575335413,0.29817170585790154,0.32112714798337155
481,1.0,0.7660959154069411,0.29770913000119015,0.3207697512529089
482,1.0,0.7666129807441076,0.2971648301784101,0.3203031763337674
483,1.0,0.765876248822191,0.29657407653105416,0.3198248000524284
484,1.0,0.7656994382562538,0.29563481635886335,0.3190404357194729
485,0.9989314816966653,0.7668456956846168,0.2965010758011535,0.3199598506263028
486,0.9992100779592992,0.767031331856313,0.29581607461172016,0.3193453119325325
487,1.0,0.7661023546161365,0.29587386751170475,0.3193406567157349
488,0.9994113227890135,0.766709459195268,0.2957954416270198,0.3194002784508661
489,0.9999536767112017,0.7660293811142591,0.2956097600699949,0.3190429332581744
490,0.9994973747683168,0.7665631068808628,0.2965835135849351,0.3200231633324989
491,0.9997470685309768,0.766663690193339,0.2966687994256119,0.3201745773852316
492,1.0,0.7660840183873051,0.29556273779366316,0.31906949451595534
493,0.9987512135267258,0.7662436972139605,0.2955320251087102,0.3190229249233305
494,1.0,0.7668680654204193,0.29548453265979735,0.3189259464624762
495,1.0,0.7664845045200129,0.29602730790052995,0.31953031747573196
496,0.9990492966295481,0.7667092102727647,0.29570837232312414,0.3192528238227444
497,0.998115120156169,0.7670855862017368,0.2953938941814463,0.3188685060324686
498,0.9974282537341118,0.7667828849307081,0.2963296169585554,0.31985315392078895
499,0.9996774045671225,0.7669876198871116,0.2964708394260157,0.32007900997819894
500,0.9982477736921311,0.7674469379056885,0.2973467333357802,0.3210416420849799
501,1.0,0.7661306330797735,0.2958915772050604,0.31973548303550153
502,0.9991668731912972,0.7670133450460525,0.2967870776044771,0.32066749520075194
503,0.9994958849487305,0.766345124197326,0.29653466905903836,0.3205157220349639
504,0.9977358716822863,0.766512007253321,0.2959164285059732,0.31997474670809867
505,1.0,0.7673166899829692,0.2969305406368357,0.32101882024156164
506,1.0,0.7664924003982393,0.29607552005291515,0.3202508633791754
507,1.0,0.7658909152316066,0.29637285811767955,0.3206380568590379
508,1.0,0.7662629477225124,0.29555750126068264,0.319797109372543
509,0.9997855654690863,0.7661888084225535,0.2960445003869176,0.32031991510781865
510,1.0,0.7669473883288814,0.29599239361916807,0.3204054467768225
511,0.9994531569229961,0.7679252023398194,0.29650787596655737,0.32096553280884427
512,1.0,0.7656406096785611,0.29526613633156523,0.3195394149442374
513,0.9983568284858466,0.7663265173474153,0.29507305911566845,0.31916783297961493
514,0.997883661785245,0.7666809024388627,0.2949195966492416,0.3188772949834939
515,0.9998946798555851,0.7676779168423664,0.295528818266604,0.31943862696671416
516,0.9990696773614884,0.7668980510346984,0.29495008440200426,0.31873809765146116
517,0.9988994803719521,0.7667161072442423,0.2949427691529527,0.31859219768055586
518,0.9999561796081067,0.767649806790595,0.29548478121735433,0.31908461559396595
519,1.0,0.7663580579411147,0.29494315121241554,0.31839148145474017
520,1.0,0.7676450148421103,0.2990484166269824,0.32248849255466605
521,1.0,0.7686835071126147,0.2992738249089501,0.3227506950724997
522,0.9998549910618068,0.766887755987895,0.29569669350341793,0.31935939123974544
523,0.9983053403209449,0.7668327256637505,0.2960318715877504,0.31977993565672097
524,0.9991657409284115,0.7674916861074867,0.29632440690925305,0.32014034135565134
525,0.9999552261235715,0.7679549917031475,0.2959862970357917,0.31989267388567594
526,0.9993932065828444,0.7673851549770052,0.29599395405833057,0.3199676153317084
527,1.0,0.7669953739331224,0.29602264178162596,0.32008516032717715
528,0.9992048933871389,0.7681187682015773,0.29575880016241196,0.3198653414360899
529,1.0,0.766849349703423,0.2954312582010566,0.31932774012689447
530,0.998920874181211,0.7694602699053352,0.2993284210979646,0.32320883770645614
531,1.0,0.7686554286719378,0.2955823423370036,0.3194461210251066
532,1.0,0.7683005873664405,0.295522942802685,0.3194661092112596
533,0.9994975535466671,0.7688162455793492,0.2963926998225894,0.3203845462734155
534,0.9990124682893754,0.768623750330689,0.2951543328567755,0.31915280531979967
535,1.0,0.7683549442744393,0.2948662786491662,0.318717702901712
536,0.9992625196087361,0.7688213936944348,0.29527511419672686,0.3191316439607073
537,0.9999449761648178,0.7690149610705604,0.2945437114193734,0.3181918823132584
538,0.9993684755777121,0.7686727127227767,0.2939527050815416,0.3171973098980202
539,1.0,0.769800765373452,0.2947000183195185,0.31783472452863876
540,1.0,0.7691178869803887,0.29830133958316446,0.3215452029854028
541,1.0,0.7696551765713449,0.2988674027185011,0.3221741702806824
542,0.9997312764433622,0.7677043936163701,0.2967977662827935,0.3202648288202184
543,1.0,0.7689280039021409,0.29840639059678875,0.3219155408767342
544,1.0,0.7694712658445311,0.2986722015809992,0.32222598344688086
545,1.0,0.7682577689774988,0.29818159989646204,0.32185723809718353
546,1.0,0.7684767307580362,0.29801614195358495,0.32179219713666024
547,1.0,0.7683926935276452,0.29765126916946616,0.32152752932164214
548,1.0,0.7678256804098873,0.29697510485401984,0.3209406850295914
549,1.0,0.7674777751178119,0.296914104345589,0.32096956574694896
550,0.9981465851458312,0.7674196398025583,0.29491093081907604,0.3190395680151159
551,1.0,0.767465575381591,0.2952139613397847,0.3193917337410903
552,1.0,0.7663735946122354,0.29430361600137334,0.31825116697722744
553,1.0,0.7664123197299585,0.2949199033608517,0.31886599626862205
554,1.0,0.7679394148790207,0.295568249795316,0.319552610793765
555,1.0,0.7680900841344923,0.29501239799987017,0.31903054957129934
556,1.0,0.767524946397169,0.2950743615127614,0.3191541107035617
557,0.9994631089178324,0.7678783919476931,0.29477836489174664,0.31877455789123654
558,1.0,0.7679852973687294,0.2955341360979497,0.3195820191682784
559,1.0,0.7689537610573512,0.29601882679692865,0.32012678286875873
560,0.9999239995050431,0.7681876008582463,0.29554470039806974,0.31970783481927123
561,1.0,0.7671247214564422,0.2950515478355129,0.3192914581528944
562,0.9996166199280024,0.7672297057219248,0.29509111539503885,0.3192967980052743
563,0.9996758551547528,0.7677273536666885,0.2950313552128153,0.3192974287441049
564,1.0,0.7677926373670874,0.2953350191989898,0.31964207763011976
565,1.0,0.767631963943315,0.29515483480614574,0.3195316521607414
566,0.9991805795314909,0.7674151247166853,0.29513306259727135,0.319548929494916
567,0.9995687073301077,0.7679024877859395,0.2950857270238004,0.31952973384927147
568,0.9998986129792929,0.7676094749795529,0.2947192847178903,0.3191159797935529
569,1.0,0.7676961903172572,0.29435212667469435,0.3186277162541508
570,0.9985288132588864,0.7707416508220595,0.2983229496741677,0.3224813994241096
571,1.0,0.7698543795360787,0.2964470799971875,0.3206973783660956
572,1.0,0.7685780519108314,0.2951402939372799,0.31958779893691847
573,0.9997067242165805,0.7688100792165863,0.29511039855363763,0.3195053160272728
574,0.9995261580827237,0.768697107636385,0.2948919095051748,0.3192799000382717
575,0.9998491509690285,0.7701888376961367,0.2956840486802818,0.32019165624522195
576,1.0,0.7691464175709011,0.29505053959381605,0.31960925901327886
577,1.0,0.7688790387349733,0.2948274035474591,0.319307567466656
578,0.9998638107937575,0.76907913428042,0.2945199775264606,0.3188247389979912
579,0.9998789473607541,0.7684421787085174,0.294258604117954,0.3185307357560777
580,0.9994957061703802,0.7684974839381778,0.2962360788200954,0.3204754571834011
581,1.0,0.7694342790490073,0.29720704962567285,0.3214964061546822
582,1.0,0.768588509173806,0.2960157995267124,0.3204442181553699
583,0.998304446429193,0.7680849871781186,0.29518985959658245,0.3197201220677397
584,0.9985303030784727,0.7695616056999312,0.29695900338545766,0.32152466398580853
585,0.9982334714241028,0.769114637448373,0.29732662124372367,0.3219768133024273
586,0.9997079160722495,0.7693205659710345,0.29665834442222994,0.32139922880526445
587,0.9986602749391795,0.7686865374717171,0.2963193840268408,0.32117350219972185
588,1.0,0.7703578938559955,0.2975891253740438,0.32255101025389654
589,0.9990781395367384,0.7690461926447836,0.2967944677120877,0.32186559015159744
590,1.0,0.7681612542493657,0.2941449745759642,0.3190868833451243
591,1.0,0.768666680790102,0.2948558295418914,0.31980746107755653
592,1.0,0.76791424165773,0.2948544514829048,0.3198980770917426
593,1.0,0.7687643104215217,0.29483822116359576,0.3198954092719257
594,0.9996441517939568,0.7678675423614554,0.2949552756861356,0.31996576657663983
595,1.0,0.7678750403956401,0.2950693954793745,0.32014845032547123
596,1.0,0.7692450486633152,0.29656792719801045,0.3217255454203513
597,0.9999319849380255,0.7685599008924212,0.29530303317350054,0.32050209224146264
598,0.9984545606507064,0.7685264514340359,0.2947081710548192,0.32004166165672826
599,0.9985644497433901,0.7688586177225981,0.2955590457820303,0.3209186199220427
