step,gripper_norm,block_x,block_z,ee_z
0,0.0,0.75,0.2849045486152053,0.2863968905306617
1,0.0,0.75,0.28490462996410054,0.27810922776102237
2,0.0009803012877702714,0.75,0.2849046537789269,0.2515003458292543
3,0.0014050786482095719,0.75,0.2849046598325226,0.23045274512883923
4,0.0010370336176156998,0.75,0.2849046613712183,0.2046951984189891
5,0.0038446880171298984,0.75,0.28490466176232226,0.2887379903984177
6,0.003188809842467308,0.75,0.2849046618617326,0.4160675496425521
7,0.0002950438708662987,0.75,0.28490466188700053,0.5448042638642986
8,0.0,0.75,0.2849046618934232,0.6519394765497092
9,0.0,0.75,0.2849046618950556,0.7251326617158995
10,0.000681026329278946,0.75,0.2849046618954708,0.7725405997643232
11,0.00326282407951355,0.75,0.28490466189557623,0.7924204404460917
12,0.0017144843798875809,0.75,0.28490466189560304,0.8032316189967736
13,0.002518301639467478,0.75,0.2849046618956097,0.8246811644961858
14,0.001196027163863182,0.75,0.2849046618956112,0.8341462465251032
15,0.0028301506752669812,0.75,0.2849046618956112,0.8256871273535293
16,0.0014705711172223093,0.75,0.2849046618956112,0.7932706620002099
17,0.00019033935034275056,0.75,0.2849046618956112,0.7284018456255089
18,0.0006646681102216245,0.75,0.2849046618956112,0.6261354254426189
19,0.001212623754054308,0.75,0.2849046618956112,0.4990645946792828
20,0.0,0.75,0.2849046618956112,0.44968006227472496
21,0.0,0.75,0.2849046618956112,0.48217239180378946
22,0.0,0.75,0.2849046618956112,0.49984161899674606
23,0.0,0.75,0.2849046618956112,0.5067166791864776
24,0.0,0.75,0.2849046618956112,0.5084327134035056
25,0.00011268995350599289,0.75,0.2849046618956112,0.4983898432344904
26,0.0,0.75,0.2849046618956112,0.47474243363557256
27,0.0,0.75,0.2849046618956112,0.4402705324877629
28,0.0008333752801716328,0.75,0.2849046618956112,0.40661117252139006
29,0.0005212878732383251,0.75,0.2849046618956112,0.36954220816485045
30,0.0,0.75,0.2849046618956112,0.3350288933310996
31,0.0,0.7500090607213473,0.2848264215588338,0.3065071391216705
32,0.0059532594739794735,0.7500081179188911,0.2848825571414122,0.285075988984685
33,0.003320867450594902,0.7500066750816832,0.28489907677238757,0.2727539653085918
34,1.0,0.7463567310481842,0.28502545700368803,0.27037416873920994
35,1.0,0.7532662369355607,0.28500139300309807,0.2700423871444323
36,1.0,0.7520645831869752,0.2849987385541832,0.2697855937671899
37,0.9991363020933867,0.7532148770685656,0.2849997333304737,0.2696384286612152
38,1.0,0.7543142646237371,0.2849948143930794,0.26953855086872347
39,1.0,0.7550422993736873,0.2849873622329987,0.2695525532844571
40,0.9922675186872483,0.7558525731813359,0.28499624650064986,0.269678935202566
41,0.9990939912171364,0.756522897525738,0.2849920151574581,0.26982346056981343
42,0.9919239066978693,0.7652680471157478,0.2849563715033985,0.27638455812489726
43,0.9958392717561723,0.7653663432461677,0.2849137616377157,0.2867241772937381
44,0.9990786162790061,0.76536531137729,0.2849069756225708,0.30616647127287705
45,0.996963906765461,0.7653645776532849,0.28490525029678027,0.3151511265394204
46,0.9966113558585644,0.7653640590241626,0.2849048115843006,0.32637334371993765
47,0.998154749357164,0.765363692474696,0.2849047000067426,0.3381078376917705
48,0.9970344646210672,0.7653634334172057,0.2849046716142624,0.3418918322525977
49,0.9971726602858901,0.7653632503305621,0.2849046643816704,0.3469796089159334
50,0.9989476313409806,0.765363120935884,0.28490466253539865,0.3044513703127757
51,0.9962403907815814,0.7653630294875117,0.2849046620621698,0.3131852599009393
52,0.9962367556217909,0.7653629648573104,0.28490466193991415,0.32275613332197567
53,0.9964405629411937,0.7653629191805785,0.28490466190785496,0.33065901379340074
54,0.9966129648637176,0.7653628868990165,0.2849046618992147,0.335535151121981
55,0.9951835127670765,0.7653628640843537,0.2849046618967728,0.34016548567540916
56,0.9954063897771835,0.7653628479603248,0.2849046618960295,0.3438208628871874
57,0.9989603841966391,0.7653628365648327,0.28490466189577934,0.34945559667015214
58,0.9961517763125897,0.7653628285111855,0.28490466189568514,0.35187565941839694
59,1.0,0.765362822819353,0.2849046618956459,0.3542574551744321
60,0.9997567821546793,0.7653628187967088,0.2849046618956283,0.32070274281020844
61,0.9997641716598272,0.7653628159537459,0.2849046618956201,0.3233445580346857
62,0.9967558087656498,0.7653628139445113,0.28490466189561625,0.31911864468972706
63,0.9966765503636599,0.766172619246115,0.2849190943908344,0.3153488016840665
64,0.9976524417854548,0.7661697391464191,0.2849082400826376,0.31795027014413946
65,0.997781936903894,0.7661672073050515,0.28490558371200864,0.31851300639781416
66,0.9983879955115915,0.7661654177161799,0.28490490238515975,0.3275647799443898
67,0.998946499078095,0.7661641529549914,0.28490472611766876,0.3374634790019696
68,1.0,0.7661632591150218,0.28490467976624956,0.3431192176602028
69,0.9992379077891708,0.7661626274110794,0.28490466721066465,0.3494087715144063
70,0.998002966537714,0.7661621809641319,0.2849046636325618,0.31512829365872813
71,0.9983397849497796,0.7661618654435804,0.2849046625298984,0.3233004556166959
72,0.9996186460826397,0.7661616424531209,0.2849046621531298,0.3307208581260438
73,1.0,0.7661614848570627,0.28490466200916553,0.3361357525014219
74,0.9995843802321553,0.7661613734777228,0.284904661948499,0.34094568898060057
75,1.0,0.7661612947615368,0.2849046619210544,0.3449964849954613
76,1.0,0.7661612391296865,0.28490466190807257,0.34834637443612193
77,0.9977685285276175,0.7661611998124501,0.28490466190177294,0.3520893418499954
78,1.0,0.766161172025397,0.2849046618986734,0.3550605509890215
79,1.0,0.7661611523871823,0.2849046618971369,0.35670139712162424
80,0.9969920345592499,0.7661611385080754,0.2849046618963727,0.34541349864996274
81,0.9983686278569699,0.7661611286991591,0.2849046618959918,0.3483020524347829
82,0.9979174508934617,0.7661611217668082,0.28490466189580166,0.35141095993472676
83,0.9984021190012694,0.7661611168674398,0.28490466189570673,0.3513988397952271
84,0.996824519244969,0.7661611134048614,0.2849046618956594,0.35287374015424233
85,0.9943303228864074,0.7661611109577195,0.2849046618956357,0.35438818461014393
86,0.9964978911988736,0.766161109228227,0.2849046618956239,0.3563002907627194
87,0.9970365503684879,0.7661611080059263,0.28490466189561786,0.3576138394143927
88,0.9957172257356645,0.7661611071420775,0.2849046618956151,0.35861636806948816
89,1.0,0.7661611065315616,0.2849046618956139,0.3601829068868205
90,0.9968065818171502,0.7661611061000858,0.2849046618956136,0.3388846607652816
91,0.9979850887026788,0.7661611057951444,0.28490466189561336,0.3419426778082598
92,0.9974202087083459,0.7661611055796305,0.2849046618956133,0.3468140347903301
93,0.9988638438874483,0.7661611054273183,0.28490466189561325,0.34697859109794904
94,0.9964390135288239,0.7661611053196731,0.28490466189561325,0.34901418370108334
95,0.9991738455469609,0.7661611052435957,0.2849046618956132,0.3531883981387318
96,0.998489660800159,0.7661611051898294,0.2849046618956132,0.3549802758000359
97,1.0,0.7661611051518303,0.2849046618956132,0.3560792433835417
98,0.9991739051397444,0.766161105124975,0.2849046618956132,0.35786619471466774
99,1.0,0.7661611051059953,0.2849046618956132,0.35810753878134255
100,0.9986804172999859,0.7661611050925821,0.2849046618956132,0.3620187916658851
101,0.998559801506281,0.7661611050831022,0.2849046618956132,0.3636338657400208
102,1.0,0.7661611050764024,0.2849046618956132,0.36552295377298644
103,0.9964381792298556,0.7661611050716671,0.2849046618956132,0.3648055175094961
104,0.9985979408876896,0.7661611050683206,0.2849046618956132,0.3648635015017349
105,0.9981195896149279,0.7661611050659556,0.2849046618956132,0.365483515879952
106,0.9985130211712718,0.7661611050642841,0.2849046618956132,0.36648333297957053
107,0.9975326006979347,0.7661611050631029,0.2849046618956132,0.3657983716465014
108,1.0,0.7661611050622683,0.2849046618956132,0.3663930721507238
109,0.9987457905834318,0.7661611050616782,0.2849046618956132,0.36604816953622243
110,0.9996375369949937,0.7661611050612613,0.2849046618956132,0.36826919539103536
111,0.9959822944364548,0.7661611050609667,0.2849046618956132,0.3697301505054266
112,1.0,0.7661611050607585,0.2849046618956132,0.3699495038124749
113,0.9990035889646411,0.7661611050606113,0.2849046618956132,0.37046515480966064
114,0.9973936899197102,0.7661611050605073,0.2849046618956132,0.36920098539512874
115,0.9988287437379957,0.7661611050604337,0.2849046618956132,0.36898017137654665
116,1.0,0.7661611050603817,0.2849046618956132,0.37000594802782655
117,0.9994995797013045,0.7661611050603447,0.2849046618956132,0.36955814872863696
118,1.0,0.7661611050603191,0.2849046618956132,0.37011416722729484
119,1.0,0.7661611050603007,0.2849046618956132,0.3701423817130353
120,0.9948419865251183,0.766161105060288,0.2849046618956132,0.371881017518139
121,0.9993718127735853,0.7661611050602782,0.2849046618956132,0.37165475268079545
122,0.998474464640379,0.7661611050602727,0.2849046618956132,0.36599560999958636
123,0.9974582289041878,0.7661611050602671,0.2849046618956132,0.36134979961332797
124,0.9999145838452578,0.766161105060262,0.2849046618956132,0.35655373043145083
125,1.0,0.766161105060262,0.2849046618956132,0.35463109258450587
126,1.0,0.766161105060262,0.2849046618956132,0.3542794824403237
127,1.0,0.766161105060262,0.2849046618956132,0.3540578300327858
128,0.9985103990888,0.766161105060262,0.2849046618956132,0.3538933553940288
129,0.997807561800778,0.766161105060262,0.2849046618956132,0.35501408496620956
130,0.9997172125464678,0.766161105060262,0.2849046618956132,0.3514201531513125
131,0.9993357591395975,0.766161105060262,0.2849046618956132,0.3514072232124492
132,0.9999745341854096,0.766161105060262,0.2849046618956132,0.35107024960837757
133,0.9992853436447978,0.766161105060262,0.2849046618956132,0.35073019423694685
134,0.9978840193419457,0.766161105060262,0.2849046618956132,0.350608238698436
135,0.9999622580720187,0.766161105060262,0.2849046618956132,0.3503041349125907
136,1.0,0.766161105060262,0.2849046618956132,0.35050231715900326
137,0.9999647609689236,0.766161105060262,0.2849046618956132,0.3504026013337174
138,1.0,0.766161105060262,0.2849046618956132,0.35009398946022074
139,1.0,0.766161105060262,0.2849046618956132,0.3502510052118223
140,1.0,0.766161105060262,0.2849046618956132,0.35365781429740895
141,0.998542638784647,0.766161105060262,0.2849046618956132,0.3545936901332788
142,0.9997393810619116,0.766161105060262,0.2849046618956132,0.3546154006648767
143,1.0,0.766161105060262,0.2849046618956132,0.3546821361987196
144,1.0,0.766161105060262,0.2849046618956132,0.3543781104969579
145,1.0,0.766161105060262,0.2849046618956132,0.35338807109397175
146,1.0,0.766161105060262,0.2849046618956132,0.3531842747505899
147,1.0,0.766161105060262,0.2849046618956132,0.3525078090271658
148,1.0,0.766161105060262,0.2849046618956132,0.3530513071032272
149,1.0,0.766161105060262,0.2849046618956132,0.3526047540333581
150,0.9985814932794571,0.766161105060262,0.2849046618956132,0.34870700593139764
151,0.9993193711241484,0.766161105060262,0.2849046618956132,0.3496451921849351
152,0.9991456581603885,0.766161105060262,0.2849046618956132,0.3492781239023183
153,1.0,0.766161105060262,0.2849046618956132,0.34934570624053424
154,0.9992793247736693,0.766161105060262,0.2849046618956132,0.3490044978024536
155,1.0,0.766161105060262,0.2849046618956132,0.3491575087077534
156,1.0,0.766161105060262,0.2849046618956132,0.34905911744148127
157,1.0,0.766161105060262,0.2849046618956132,0.34888208906529194
158,0.9991850489902497,0.766161105060262,0.2849046618956132,0.34874620915451626
159,1.0,0.766161105060262,0.2849046618956132,0.3484712988168234
160,0.9988549049699307,0.766161105060262,0.2849046618956132,0.3536593912175014
161,1.0,0.766161105060262,0.2849046618956132,0.35472478684316017
162,0.9985216621248723,0.766161105060262,0.2849046618956132,0.3549700272167868
163,1.0,0.766161105060262,0.2849046618956132,0.35518348411584866
164,1.0,0.766161105060262,0.2849046618956132,0.3547300339485568
165,1.0,0.766161105060262,0.2849046618956132,0.35460303275687666
166,1.0,0.766161105060262,0.2849046618956132,0.3541056062541019
167,1.0,0.766161105060262,0.2849046618956132,0.35475418868403646
168,1.0,0.766161105060262,0.2849046618956132,0.3540915909299347
169,1.0,0.766161105060262,0.2849046618956132,0.35410518075432595
170,0.9977759180327654,0.766161105060262,0.2849046618956132,0.35474729133417243
171,0.9989181925059557,0.766161105060262,0.2849046618956132,0.3564566163498911
172,1.0,0.766161105060262,0.2849046618956132,0.35616973560778126
173,0.9981048701974155,0.766161105060262,0.2849046618956132,0.3564099682639113
174,1.0,0.766161105060262,0.2849046618956132,0.35601197640850923
175,0.9987202252793312,0.766161105060262,0.2849046618956132,0.35512361589318164
176,0.9984370403723717,0.766161105060262,0.2849046618956132,0.3548812205894869
177,0.9995902203249336,0.766161105060262,0.2849046618956132,0.3545563882403029
178,1.0,0.766161105060262,0.2849046618956132,0.3546737405018563
179,1.0,0.766161105060262,0.2849046618956132,0.3550996351958096
180,0.9966490184977055,0.766161105060262,0.2849046618956132,0.354507094069563
181,0.9984133224445582,0.766161105060262,0.2849046618956132,0.3546421439512891
182,0.9988634267379642,0.766161105060262,0.2849046618956132,0.355262812300113
183,1.0,0.766161105060262,0.2849046618956132,0.3548734281703082
184,0.9992065619850755,0.766161105060262,0.2849046618956132,0.3545547290789058
185,0.9989486444182992,0.766161105060262,0.2849046618956132,0.3544847241932696
186,0.9977358716822863,0.766161105060262,0.2849046618956132,0.3541334983731391
187,0.999175573737681,0.766161105060262,0.2849046618956132,0.3541773231686938
188,1.0,0.766161105060262,0.2849046618956132,0.35423211398878107
189,0.9991638935521245,0.766161105060262,0.2849046618956132,0.35336415808843213
190,0.9985532463001013,0.766161105060262,0.2849046618956132,0.34980229871214036
191,0.999309538314879,0.766161105060262,0.2849046618956132,0.3515254669555608
192,1.0,0.766161105060262,0.2849046618956132,0.3513616023463388
193,1.0,0.766161105060262,0.2849046618956132,0.35093865631443255
194,1.0,0.766161105060262,0.2849046618956132,0.35054556011626425
195,1.0,0.766161105060262,0.2849046618956132,0.3509773282351027
196,1.0,0.766161105060262,0.2849046618956132,0.3502692370683394
197,0.999872988082409,0.766161105060262,0.2849046618956132,0.3500414224453299
198,1.0,0.766161105060262,0.2849046618956132,0.35025346664760126
199,1.0,0.766161105060262,0.2849046618956132,0.34944472479115785
200,0.9965666612709762,0.766161105060262,0.2849046618956132,0.346340871508522
201,1.0,0.766161105060262,0.2849046618956132,0.3461692167916102
202,1.0,0.766161105060262,0.2849046618956132,0.34711591702018746
203,1.0,0.766161105060262,0.2849046618956132,0.346999465606558
204,1.0,0.766161105060262,0.2849046618956132,0.34666416704015157
205,1.0,0.766161105060262,0.2849046618956132,0.3461578099276203
206,1.0,0.766161105060262,0.2849046618956132,0.34645537428040313
207,1.0,0.766161105060262,0.2849046618956132,0.3462021944651625
208,1.0,0.766161105060262,0.2849046618956132,0.3467218021427846
209,1.0,0.766161105060262,0.2849046618956132,0.34685090952814035
210,0.9987549082792998,0.766161105060262,0.2849046618956132,0.34985086540981425
211,0.9976829532905818,0.766161105060262,0.2849046618956132,0.3512979848879283
212,1.0,0.766161105060262,0.2849046618956132,0.3516896269426637
213,1.0,0.766161105060262,0.2849046618956132,0.3514080941192628
214,1.0,0.766161105060262,0.2849046618956132,0.35071779076571213
215,0.9997957558350563,0.766161105060262,0.2849046618956132,0.3508970753630125
216,0.9984494356713296,0.766161105060262,0.2849046618956132,0.3508269812770008
217,0.9983401425064803,0.766161105060262,0.2849046618956132,0.351353299666248
218,0.9982820991353989,0.766161105060262,0.2849046618956132,0.3507855906347425
219,0.998341155583799,0.766161105060262,0.2849046618956132,0.35095218226209307
220,1.0,0.766161105060262,0.2849046618956132,0.3487997288225554
221,0.9995952857115269,0.766161105060262,0.2849046618956132,0.34995473489978896
222,1.0,0.766161105060262,0.2849046618956132,0.3497324107082572
223,1.0,0.766161105060262,0.2849046618956132,0.3500379227227595
224,1.0,0.766161105060262,0.2849046618956132,0.34999215293957514
225,1.0,0.766161105060262,0.2849046618956132,0.3492153168035397
226,1.0,0.766161105060262,0.2849046618956132,0.3500527520769775
227,1.0,0.766161105060262,0.2849046618956132,0.3492936365630808
228,1.0,0.766161105060262,0.2849046618956132,0.3491706344789043
229,1.0,0.766161105060262,0.2849046618956132,0.3492049869760798
230,0.9981455720685125,0.766161105060262,0.2849046618956132,0.3501089750155994
231,0.9989040690162778,0.766161105060262,0.2849046618956132,0.3499652275237688
232,0.999408879484892,0.766161105060262,0.2849046618956132,0.34988413269807356
233,1.0,0.766161105060262,0.2849046618956132,0.34993198909406203
234,0.9990243868460655,0.766161105060262,0.2849046618956132,0.34959412840451615
235,1.0,0.766161105060262,0.2849046618956132,0.34931953896549695
236,0.9983720842384101,0.766161105060262,0.2849046618956132,0.3501088812821329
237,0.9995225825157166,0.766161105060262,0.2849046618956132,0.34970291316857793
238,1.0,0.766161105060262,0.2849046618956132,0.34968523879679236
239,1.0,0.766161105060262,0.2849046618956132,0.34979114246727955
240,0.9974011986104251,0.766161105060262,0.2849046618956132,0.34993509646907417
241,0.9991514386603833,0.766161105060262,0.2849046618956132,0.35070493821790377
242,0.9983804272280932,0.766161105060262,0.2849046618956132,0.3521328250477381
243,1.0,0.766161105060262,0.2849046618956132,0.35254660033844726
244,1.0,0.766161105060262,0.2849046618956132,0.3523513501792579
245,0.9993771761240959,0.766161105060262,0.2849046618956132,0.3520695469750007
246,1.0,0.766161105060262,0.2849046618956132,0.3516185193080193
247,1.0,0.766161105060262,0.2849046618956132,0.3510070204492916
248,1.0,0.766161105060262,0.2849046618956132,0.35206916192163684
249,1.0,0.766161105060262,0.2849046618956132,0.3530894095963031
250,1.0,0.766161105060262,0.2849046618956132,0.34985555141310937
251,0.999660420623839,0.766161105060262,0.2849046618956132,0.35016125941867954
252,1.0,0.766161105060262,0.2849046618956132,0.34943895818681403
253,1.0,0.766161105060262,0.2849046618956132,0.35019776324498736
254,1.0,0.766161105060262,0.2849046618956132,0.34961488647498606
255,1.0,0.766161105060262,0.2849046618956132,0.3498331530239188
256,1.0,0.766161105060262,0.2849046618956132,0.3496831614806354
257,1.0,0.766161105060262,0.2849046618956132,0.3496000658615657
258,1.0,0.766161105060262,0.2849046618956132,0.34960408568774537
259,1.0,0.766161105060262,0.2849046618956132,0.3499192405190136
260,0.9987661117225886,0.766161105060262,0.2849046618956132,0.34685146181700977
261,0.9994610827631951,0.766161105060262,0.2849046618956132,0.3471429374466748
262,0.996328051766038,0.766161105060262,0.2849046618956132,0.3470531793929846
263,1.0,0.766161105060262,0.2849046618956132,0.3473002146103351
264,0.9988077074854375,0.766161105060262,0.2849046618956132,0.34732342017606044
265,1.0,0.766161105060262,0.2849046618956132,0.3471313964998667
266,1.0,0.766161105060262,0.2849046618956132,0.3469709851307451
267,0.9983304884755612,0.766161105060262,0.2849046618956132,0.3471857703209039
268,0.9983778647384048,0.766161105060262,0.2849046618956132,0.34673725690171997
269,0.9999692900204659,0.766161105060262,0.2849046618956132,0.34701571619621935
270,0.9975154379763007,0.766161105060262,0.2849046618956132,0.34602208861611267
271,0.9994296177735329,0.766161105060262,0.2849046618956132,0.34596270826535036
272,0.9991838571345807,0.766161105060262,0.2849046618956132,0.3467822752600185
273,1.0,0.766161105060262,0.2849046618956132,0.3470362028607009
274,0.9994297369590999,0.766161105060262,0.2849046618956132,0.3464359422962284
275,1.0,0.766161105060262,0.2849046618956132,0.34609240845757516
276,0.9992434499180317,0.766161105060262,0.2849046618956132,0.3461776557110847
277,0.9982527794859409,0.766161105060262,0.2849046618956132,0.34573185248012145
278,0.9998390201958418,0.766161105060262,0.2849046618956132,0.34618077144920206
279,0.9993718127735853,0.766161105060262,0.2849046618956132,0.34613577481503915
280,0.9985233307228089,0.766161105060262,0.2849046618956132,0.34940749999590226
281,0.9972195598064661,0.766161105060262,0.2849046618956132,0.3495611830824144
282,0.9994395101755857,0.766161105060262,0.2849046618956132,0.34923570577478313
283,1.0,0.766161105060262,0.2849046618956132,0.3490326249988981
284,1.0,0.766161105060262,0.2849046618956132,0.348091440007753
285,1.0,0.766161105060262,0.2849046618956132,0.3494611687380468
286,1.0,0.766161105060262,0.2849046618956132,0.3486262328309545
287,1.0,0.766161105060262,0.2849046618956132,0.3496752222538233
288,1.0,0.766161105060262,0.2849046618956132,0.35070143121701025
289,1.0,0.766161105060262,0.2849046618956132,0.350340462025826
290,0.9968754710748197,0.766161105060262,0.2849046618956132,0.34829135591771887
291,0.9991691973098517,0.766161105060262,0.2849046618956132,0.3487725891422696
292,0.9995303891703486,0.766161105060262,0.2849046618956132,0.34871052104993083
293,1.0,0.766161105060262,0.2849046618956132,0.3489630851798923
294,0.9994837280209065,0.766161105060262,0.2849046618956132,0.3494455213295539
295,0.999889912432909,0.766161105060262,0.2849046618956132,0.34886817106490436
296,0.9982543288983107,0.766161105060262,0.2849046618956132,0.34961821779032487
297,0.9979337197233439,0.766161105060262,0.2849046618956132,0.3495747082376512
298,0.9995958220465779,0.766161105060262,0.2849046618956132,0.3497917781443909
299,1.0,0.766161105060262,0.2849046618956132,0.3491172542739349
300,0.9994208576343656,0.766161105060262,0.2849046618956132,0.345592335896987
301,1.0,0.766161105060262,0.2849046618956132,0.3462569887865282
302,0.9991102004542352,0.766161105060262,0.2849046618956132,0.3464871790178531
303,1.0,0.766161105060262,0.2849046618956132,0.3461359519474547
304,1.0,0.766161105060262,0.2849046618956132,0.3452173441533938
305,1.0,0.766161105060262,0.2849046618956132,0.3457095908876203
306,1.0,0.766161105060262,0.2849046618956132,0.3457116289604163
307,1.0,0.766161105060262,0.2849046618956132,0.345640523038188
308,1.0,0.766161105060262,0.2849046618956132,0.3451146922090269
309,1.0,0.766161105060262,0.2849046618956132,0.3460298253317346
310,0.9996006490620375,0.766161105060262,0.2849046618956132,0.347953223988408
311,0.9983517035064697,0.766161105060262,0.2849046618956132,0.3478555662468101
312,1.0,0.766161105060262,0.2849046618956132,0.34852889070484316
313,1.0,0.766161105060262,0.2849046618956132,0.3482977492374963
314,1.0,0.766161105060262,0.2849046618956132,0.3484507091847654
315,0.9994398081395031,0.766161105060262,0.2849046618956132,0.348412709191836
316,1.0,0.766161105060262,0.2849046618956132,0.34836202342053835
317,1.0,0.766161105060262,0.2849046618956132,0.3482750348063168
318,1.0,0.766161105060262,0.2849046618956132,0.34827150357793357
319,1.0,0.766161105060262,0.2849046618956132,0.3481578977289118
320,0.999054957943976,0.766161105060262,0.2849046618956132,0.3453370950597949
321,1.0,0.766161105060262,0.2849046618956132,0.3460100583011718
322,1.0,0.766161105060262,0.2849046618956132,0.3460714041332422
323,0.9994485682786703,0.766161105060262,0.2849046618956132,0.3462855196052574
324,1.0,0.766161105060262,0.2849046618956132,0.3462628948193885
325,1.0,0.766161105060262,0.2849046618956132,0.3466205546069084
326,1.0,0.766161105060262,0.2849046618956132,0.34642739479898593
327,1.0,0.766161105060262,0.2849046618956132,0.34593877628905356
328,1.0,0.766161105060262,0.2849046618956132,0.3460887856824275
329,1.0,0.766161105060262,0.2849046618956132,0.34639026635265713
330,0.999232127289176,0.766161105060262,0.2849046618956132,0.34590921462230717
331,1.0,0.766161105060262,0.2849046618956132,0.3464696432498796
332,0.9988499587689043,0.766161105060262,0.2849046618956132,0.3469726433041039
333,1.0,0.766161105060262,0.2849046618956132,0.34704419961283645
334,0.9997532065876723,0.766161105060262,0.2849046618956132,0.3464914806179192
335,1.0,0.766161105060262,0.2849046618956132,0.34685197587517846
336,1.0,0.766161105060262,0.2849046618956132,0.3464800110786612
337,1.0,0.766161105060262,0.2849046618956132,0.3461192084597893
338,1.0,0.766161105060262,0.2849046618956132,0.3467360544781736
339,1.0,0.766161105060262,0.2849046618956132,0.34674164759928217
340,0.9954824301688672,0.766161105060262,0.2849046618956132,0.34429909133435543
341,0.9989883928048611,0.766161105060262,0.2849046618956132,0.34491959490570057
342,0.9991344547170997,0.766161105060262,0.2849046618956132,0.34438582077143975
343,0.9973823672908545,0.766161105060262,0.2849046618956132,0.34466537267381986
344,0.9985524715939165,0.766161105060262,0.2849046618956132,0.3446503454316332
345,0.9991293893305063,0.766161105060262,0.2849046618956132,0.344560514381991
346,1.0,0.766161105060262,0.2849046618956132,0.3448726299002405
347,1.0,0.766161105060262,0.2849046618956132,0.34483898792417234
348,1.0,0.766161105060262,0.2849046618956132,0.3450427100001203
349,1.0,0.766161105060262,0.2849046618956132,0.34528180824863886
350,0.9977736535069943,0.766161105060262,0.2849046618956132,0.35447109072346905
351,0.9999049298143388,0.766161105060262,0.2849046618956132,0.35510437340852696
352,1.0,0.766161105060262,0.2849046618956132,0.35564843932722395
353,1.0,0.766161105060262,0.2849046618956132,0.3558980476559232
354,0.9990475088460445,0.766161105060262,0.2849046618956132,0.3552021895591464
355,0.9989347592997552,0.766161105060262,0.2849046618956132,0.3553775172031054
356,1.0,0.766161105060262,0.2849046618956132,0.35527074627781097
357,1.0,0.766161105060262,0.2849046618956132,0.3552253323559533
358,0.999051263191402,0.766161105060262,0.2849046618956132,0.3547109269223545
359,1.0,0.766161105060262,0.2849046618956132,0.35515173478781503
360,1.0,0.766161105060262,0.2849046618956132,0.3587275365474393
361,1.0,0.766161105060262,0.2849046618956132,0.3586771847624106
362,0.9978622679759861,0.766161105060262,0.2849046618956132,0.3591875564735346
363,1.0,0.766161105060262,0.2849046618956132,0.3588768173898647
364,1.0,0.766161105060262,0.2849046618956132,0.3588373883491185
365,1.0,0.766161105060262,0.2849046618956132,0.35809910078645335
366,1.0,0.766161105060262,0.2849046618956132,0.3577764685608959
367,1.0,0.766161105060262,0.2849046618956132,0.35725824371632725
368,1.0,0.766161105060262,0.2849046618956132,0.3574994779226634
369,1.0,0.766161105060262,0.2849046618956132,0.3568774653975679
370,0.9980936071613431,0.766161105060262,0.2849046618956132,0.3556623190138445
371,1.0,0.766161105060262,0.2849046618956132,0.35565066479358765
372,1.0,0.766161105060262,0.2849046618956132,0.35607550475907734
373,0.9999659528245927,0.766161105060262,0.2849046618956132,0.3557954648931779
374,1.0,0.766161105060262,0.2849046618956132,0.3552319649869755
375,1.0,0.766161105060262,0.2849046618956132,0.3547238422757197
376,1.0,0.766161105060262,0.2849046618956132,0.35454105871988834
377,1.0,0.766161105060262,0.2849046618956132,0.3537337619254516
378,1.0,0.766161105060262,0.2849046618956132,0.3542734085928614
379,1.0,0.766161105060262,0.2849046618956132,0.35347395711081947
380,0.9984544414651394,0.766161105060262,0.2849046618956132,0.35153767358401056
381,0.9998325841752291,0.766161105060262,0.2849046618956132,0.35163804112210273
382,0.9996209702011943,0.766161105060262,0.2849046618956132,0.35162674102956976
383,1.0,0.766161105060262,0.2849046618956132,0.351610268648559
384,1.0,0.766161105060262,0.2849046618956132,0.3514652590085121
385,1.0,0.766161105060262,0.2849046618956132,0.3514902030606665
386,0.9993797386137844,0.766161105060262,0.2849046618956132,0.35206443789178227
387,1.0,0.766161105060262,0.2849046618956132,0.3511657631962166
388,1.0,0.766161105060262,0.2849046618956132,0.35133671490669766
389,1.0,0.766161105060262,0.2849046618956132,0.350907798223947
390,0.9988047278462648,0.766161105060262,0.2849046618956132,0.3568848357196461
391,0.9993688331344128,0.766161105060262,0.2849046618956132,0.3565947483634899
392,1.0,0.766161105060262,0.2849046618956132,0.3571607961804271
393,1.0,0.766161105060262,0.2849046618956132,0.3563924779277495
394,1.0,0.766161105060262,0.2849046618956132,0.3566593165460013
395,1.0,0.766161105060262,0.2849046618956132,0.3559960832546549
396,1.0,0.766161105060262,0.2849046618956132,0.3559438390558425
397,1.0,0.766161105060262,0.2849046618956132,0.35547014163785995
398,1.0,0.766161105060262,0.2849046618956132,0.3542745620790961
399,1.0,0.766161105060262,0.2849046618956132,0.3536792224374911
400,0.9996592883609534,0.766161105060262,0.2849046618956132,0.3542872425652646
401,0.9982692270941734,0.766161105060262,0.2849046618956132,0.35475459251647834
402,1.0,0.766161105060262,0.2849046618956132,0.35528419460717275
403,1.0,0.766161105060262,0.2849046618956132,0.3553323402650265
404,1.0,0.766161105060262,0.2849046618956132,0.3549436202901965
405,0.9981947361148596,0.766161105060262,0.2849046618956132,0.35460684510643914
406,1.0,0.766161105060262,0.2849046618956132,0.35466317160749056
407,0.9989504917945863,0.766161105060262,0.2849046618956132,0.3552080816176031
408,0.9984432380218506,0.766161105060262,0.2849046618956132,0.3538740733026048
409,0.9992936270416976,0.766161105060262,0.2849046618956132,0.3538420124084199
410,0.9979335409449935,0.766161105060262,0.2849046618956132,0.35833552505070426
411,0.9995566695878506,0.766161105060262,0.2849046618956132,0.35990409995165384
412,0.9987684954339267,0.766161105060262,0.2849046618956132,0.3598557239825811
413,0.9999067175978422,0.766161105060262,0.2849046618956132,0.36064489875030764
414,0.998691382372141,0.766161105060262,0.2849046618956132,0.3597182182781391
415,0.9966785169255138,0.766161105060262,0.2849046618956132,0.3590016763754663
416,0.996705750827551,0.766161105060262,0.2849046618956132,0.35946554025808025
417,0.9969648602499962,0.766161105060262,0.2849046618956132,0.3596728133734711
418,0.9996675121650697,0.766161105060262,0.2849046618956132,0.3590977584642255
419,0.9971612184714675,0.766161105060262,0.2849046618956132,0.35979328717130643
420,1.0,0.766161105060262,0.2849046618956132,0.36059837929770383
421,1.0,0.766161105060262,0.2849046618956132,0.36109722546414763
422,1.0,0.766161105060262,0.2849046618956132,0.3608493453432117
423,1.0,0.766161105060262,0.2849046618956132,0.36072806119689954
424,1.0,0.766161105060262,0.2849046618956132,0.3603251121397786
425,1.0,0.766161105060262,0.2849046618956132,0.3600956226991382
426,1.0,0.766161105060262,0.2849046618956132,0.3601445364197744
427,1.0,0.766161105060262,0.2849046618956132,0.3591985464423136
428,1.0,0.766161105060262,0.2849046618956132,0.35906578617357854
429,1.0,0.766161105060262,0.2849046618956132,0.35904029812356364
430,0.9986131966402532,0.766161105060262,0.2849046618956132,0.35832377012803013
431,1.0,0.766161105060262,0.2849046618956132,0.3580434660792907
432,0.998456884769261,0.766161105060262,0.2849046618956132,0.35825822425218046
433,1.0,0.766161105060262,0.2849046618956132,0.35816832028177437
434,0.9995778846187592,0.766161105060262,0.2849046618956132,0.35767942358221255
435,1.0,0.766161105060262,0.2849046618956132,0.3569087021127193
436,1.0,0.766161105060262,0.2849046618956132,0.35623870411765796
437,1.0,0.766161105060262,0.2849046618956132,0.35650100537183993
438,1.0,0.766161105060262,0.2849046618956132,0.35598431623322796
439,1.0,0.766161105060262,0.2849046618956132,0.35517288950510295
440,0.9954646119266153,0.766161105060262,0.2849046618956132,0.353130428775213
441,0.9997327066701651,0.766161105060262,0.2849046618956132,0.3532726423519007
442,0.9995058965363502,0.766161105060262,0.2849046618956132,0.35356550215517696
443,0.9984936535166502,0.766161105060262,0.2849046618956132,0.35320574863518994
444,1.0,0.766161105060262,0.2849046618956132,0.35295459641460736
445,1.0,0.766161105060262,0.2849046618956132,0.35210771349491643
446,1.0,0.766161105060262,0.2849046618956132,0.35222978398939947
447,0.9998779938762189,0.766161105060262,0.2849046618956132,0.35239009588963716
448,1.0,0.766161105060262,0.2849046618956132,0.3526595077578343
449,1.0,0.766161105060262,0.2849046618956132,0.3523342283540126
450,0.998645555521667,0.766161105060262,0.2849046618956132,0.3574895754139027
451,0.9992100779592992,0.766161105060262,0.2849046618956132,0.35759085139936614
452,0.9983655290322304,0.766161105060262,0.2849046618956132,0.3581554241087217
453,0.999199351258278,0.766161105060262,0.2849046618956132,0.35744014865557905
454,0.9997902732989788,0.766161105060262,0.2849046618956132,0.35753935859331565
455,0.9992086477324963,0.766161105060262,0.2849046618956132,0.357231202382364
456,0.9992667506963611,0.766161105060262,0.2849046618956132,0.35668878640049134
457,0.9978772257646322,0.766161105060262,0.2849046618956132,0.35686582439309517
458,0.9993818839539886,0.766161105060262,0.2849046618956132,0.3570940344146087
459,0.9988917333101035,0.766161105060262,0.2849046618956132,0.35667626106344785
460,0.9987500216710568,0.766161105060262,0.2849046618956132,0.3553968204484223
461,0.9993716935880185,0.766161105060262,0.2849046618956132,0.3560065346555161
462,0.9995727000465989,0.766161105060262,0.2849046618956132,0.35698500592651033
463,1.0,0.766161105060262,0.2849046618956132,0.35609445371210857
464,1.0,0.766161105060262,0.2849046618956132,0.35584692935006046
465,0.9978974873110057,0.766161105060262,0.2849046618956132,0.3558724362886412
466,0.9978302070584893,0.766161105060262,0.2849046618956132,0.35602171662984544
467,1.0,0.766161105060262,0.2849046618956132,0.35549888542089514
468,1.0,0.766161105060262,0.2849046618956132,0.35564188920727735
469,0.9986861382071972,0.766161105060262,0.2849046618956132,0.35561861820133606
470,0.9978114353317022,0.766161105060262,0.2849046618956132,0.3528551212086063
471,0.9997099422268868,0.766161105060262,0.2849046618956132,0.3539464039898684
472,0.9989555571811796,0.766161105060262,0.2849046618956132,0.3532135466155623
473,1.0,0.766161105060262,0.2849046618956132,0.35318551551220434
474,1.0,0.766161105060262,0.2849046618956132,0.3527062624035153
475,1.0,0.766161105060262,0.2849046618956132,0.35249414265536333
476,1.0,0.766161105060262,0.2849046618956132,0.35247423121822813
477,1.0,0.766161105060262,0.2849046618956132,0.3523031589821044
478,1.0,0.766161105060262,0.2849046618956132,0.35169047152922567
479,1.0,0.766161105060262,0.2849046618956132,0.35121628799548066
480,0.9973863600073457,0.766161105060262,0.2849046618956132,0.35238332701242175
481,0.9963714353123904,0.766161105060262,0.2849046618956132,0.352884581750795
482,0.9993901673508883,0.766161105060262,0.2849046618956132,0.35338981137223974
483,0.999324734474659,0.766161105060262,0.2849046618956132,0.3532685628115044
484,1.0,0.766161105060262,0.2849046618956132,0.35265191955905917
485,1.0,0.766161105060262,0.2849046618956132,0.3523636342987925
486,1.0,0.766161105060262,0.2849046618956132,0.35225219160542487
487,0.9985205894547702,0.766161105060262,0.2849046618956132,0.3527814181153206
488,1.0,0.766161105060262,0.2849046618956132,0.35259413987319005
489,1.0,0.766161105060262,0.2849046618956132,0.35246391266976607
490,0.9983092734446526,0.766161105060262,0.2849046618956132,0.3468687936749211
491,0.9981586228880883,0.766161105060262,0.2849046618956132,0.34769082403013174
492,0.9988170039596558,0.766161105060262,0.2849046618956132,0.34764702764339644
493,0.9988584805369377,0.766161105060262,0.2849046618956132,0.34691160877270555
494,1.0,0.766161105060262,0.2849046618956132,0.3469870146026095
495,0.9995277074950933,0.766161105060262,0.2849046618956132,0.34626599242775336
496,1.0,0.766161105060262,0.2849046618956132,0.3468703128778064
497,1.0,0.766161105060262,0.2849046618956132,0.346294848040956
498,1.0,0.766161105060262,0.2849046618956132,0.34645545517857457
499,0.9997820494948626,0.766161105060262,0.2849046618956132,0.3469590612455381
500,0.9979678663882614,0.766161105060262,0.2849046618956132,0.3526486572971192
501,1.0,0.766161105060262,0.2849046618956132,0.35394551669384744
502,1.0,0.766161105060262,0.2849046618956132,0.3543650277094666
503,1.0,0.766161105060262,0.2849046618956132,0.3542291904561572
504,0.9983597485322356,0.766161105060262,0.2849046618956132,0.3538127399667018
505,0.9998487934123278,0.766161105060262,0.2849046618956132,0.3534674198840156
506,0.9997163782474995,0.766161105060262,0.2849046618956132,0.3532458357386254
507,1.0,0.766161105060262,0.2849046618956132,0.3532854918102491
508,0.9995201988043786,0.766161105060262,0.2849046618956132,0.35260772589553246
509,1.0,0.766161105060262,0.2849046618956132,0.35241703395821344
510,0.9978309817646742,0.766161105060262,0.2849046618956132,0.35271214346747637
511,0.9980327033366562,0.766161105060262,0.2849046618956132,0.35352180181133686
512,1.0,0.766161105060262,0.2849046618956132,0.3537028849332829
513,1.0,0.766161105060262,0.2849046618956132,0.3534816364488858
514,0.9991753949593306,0.766161105060262,0.2849046618956132,0.35268663247376014
515,1.0,0.766161105060262,0.2849046618956132,0.3519765402613305
516,1.0,0.766161105060262,0.2849046618956132,0.35199455016215203
517,1.0,0.766161105060262,0.2849046618956132,0.351947328915431
518,1.0,0.766161105060262,0.2849046618956132,0.35230019973092314
519,1.0,0.766161105060262,0.2849046618956132,0.35171612799807356
520,0.9982374045478106,0.766161105060262,0.2849046618956132,0.3534910818860719
521,0.9986236849701405,0.766161105060262,0.2849046618956132,0.3539400239487076
522,0.999206502392292,0.766161105060262,0.2849046618956132,0.35390453887519296
523,1.0,0.766161105060262,0.2849046618956132,0.3540510328015727
524,1.0,0.766161105060262,0.2849046618956132,0.3538763836764464
525,0.9999237611339092,0.766161105060262,0.2849046618956132,0.35335603763102474
526,0.9998495085257292,0.766161105060262,0.2849046618956132,0.35260975697865865
527,1.0,0.766161105060262,0.2849046618956132,0.35219089245842816
528,1.0,0.766161105060262,0.2849046618956132,0.3521861183790165
529,0.9993229466911555,0.766161105060262,0.2849046618956132,0.35149587465444093
530,0.9994920710105897,0.766161105060262,0.2849046618956132,0.35372555032351055
531,0.9992129384129048,0.766161105060262,0.2849046618956132,0.35567120865733376
532,0.9994162093972564,0.766161105060262,0.2849046618956132,0.35580921869130755
533,1.0,0.766161105060262,0.2849046618956132,0.3555813395537421
534,1.0,0.766161105060262,0.2849046618956132,0.3548811105780999
535,1.0,0.766161105060262,0.2849046618956132,0.3551999149711591
536,1.0,0.766161105060262,0.2849046618956132,0.35526725753708166
537,1.0,0.766161105060262,0.2849046618956132,0.3545216624722046
538,1.0,0.766161105060262,0.2849046618956132,0.3539584745448279
539,1.0,0.766161105060262,0.2849046618956132,0.35419183896412865
540,0.9990609768151045,0.766161105060262,0.2849046618956132,0.3514197848638676
541,1.0,0.766161105060262,0.2849046618956132,0.3516306706194077
542,1.0,0.766161105060262,0.2849046618956132,0.35186581684995694
543,1.0,0.766161105060262,0.2849046618956132,0.35170244529458733
544,1.0,0.766161105060262,0.2849046618956132,0.35140551347269866
545,0.9988006755369903,0.766161105060262,0.2849046618956132,0.3517859981339426
546,1.0,0.766161105060262,0.2849046618956132,0.3517103522206867
547,1.0,0.766161105060262,0.2849046618956132,0.35122336686807937
548,1.0,0.766161105060262,0.2849046618956132,0.35096707903332675
549,1.0,0.766161105060262,0.2849046618956132,0.35043002368763676
550,0.9961652442816497,0.766161105060262,0.2849046618956132,0.35369627951237
551,1.0,0.766161105060262,0.2849046618956132,0.3545094568317448
552,0.9971786791570187,0.766161105060262,0.2849046618956132,0.35436145294138177
553,1.0,0.766161105060262,0.2849046618956132,0.35485018322018225
554,0.9998560637319088,0.766161105060262,0.2849046618956132,0.3543314328114031
555,0.9990801656913758,0.766161105060262,0.2849046618956132,0.35418573557386834
556,0.9996011258043052,0.766161105060262,0.2849046618956132,0.3542339967961348
557,1.0,0.766161105060262,0.2849046618956132,0.3538408853264148
558,1.0,0.766161105060262,0.2849046618956132,0.354026151635617
559,1.0,0.766161105060262,0.2849046618956132,0.35348027117957037
560,0.9984517001971007,0.766161105060262,0.2849046618956132,0.348302369029062
561,0.9984296508672238,0.766161105060262,0.2849046618956132,0.3492964920417312
562,0.9989090748100877,0.766161105060262,0.2849046618956132,0.3491829983340221
563,1.0,0.766161105060262,0.2849046618956132,0.34904361593079414
564,0.9995936171135903,0.766161105060262,0.2849046618956132,0.3485412888477627
565,0.9979462342078687,0.766161105060262,0.2849046618956132,0.34865264306642335
566,1.0,0.766161105060262,0.2849046618956132,0.3482940872595521
567,1.0,0.766161105060262,0.2849046618956132,0.34863396212728104
568,1.0,0.766161105060262,0.2849046618956132,0.34846710732085406
569,1.0,0.766161105060262,0.2849046618956132,0.34851605205500186
570,1.0,0.766161105060262,0.2849046618956132,0.3525984609476484
571,1.0,0.766161105060262,0.2849046618956132,0.35302765120519314
572,0.9979306804913879,0.766161105060262,0.2849046618956132,0.35344255650873935
573,1.0,0.766161105060262,0.2849046618956132,0.3536494960212123
574,1.0,0.766161105060262,0.2849046618956132,0.35264185547621896
575,1.0,0.766161105060262,0.2849046618956132,0.35249919694114135
576,1.0,0.766161105060262,0.2849046618956132,0.35285784327277187
577,1.0,0.766161105060262,0.2849046618956132,0.3519743984545999
578,1.0,0.766161105060262,0.2849046618956132,0.3527283236563895
579,1.0,0.766161105060262,0.2849046618956132,0.3523759782486733
580,0.9990500117429495,0.766161105060262,0.2849046618956132,0.3540056927027859
581,0.9981544513932467,0.766161105060262,0.2849046618956132,0.3548375047237613
582,1.0,0.766161105060262,0.2849046618956132,0.3552212875729176
583,1.0,0.766161105060262,0.2849046618956132,0.35448886915680344
584,0.9998619038246871,0.766161105060262,0.2849046618956132,0.3542693586258882
585,0.9989664030677676,0.766161105060262,0.2849046618956132,0.3538476214290286
586,1.0,0.766161105060262,0.2849046618956132,0.3535017698199738
587,0.9992904090313912,0.766161105060262,0.2849046618956132,0.35419105522170413
588,0.9991790301191211,0.766161105060262,0.2849046618956132,0.3536632280610517
589,1.0,0.766161105060262,0.2849046618956132,0.35367101409831814
590,1.0,0.766161105060262,0.2849046618956132,0.35086833242957816
591,1.0,0.766161105060262,0.2849046618956132,0.35205833601133274
592,0.9986789870731831,0.766161105060262,0.2849046618956132,0.35254995868485917
593,1.0,0.766161105060262,0.2849046618956132,0.35290583577778895
594,1.0,0.766161105060262,0.2849046618956132,0.35225798571320666
595,1.0,0.766161105060262,0.2849046618956132,0.3521325054751623
596,1.0,0.766161105060262,0.2849046618956132,0.3515987384190463
597,1.0,0.766161105060262,0.2849046618956132,0.35132336830255717
598,0.9995728788249493,0.766161105060262,0.2849046618956132,0.350998748430941
599,1.0,0.766161105060262,0.2849046618956132,0.3514775591383614
